sponsor_id,sponsor_name,industry
S01,Vodafone,Telecommunications
S02,Deutsche Telekom,Telecommunications
S03,LBBW,Banking & Finance
S04,Indeed,Recruiting & HR
S05,HanseMerkur,Insurance
S06,Reuter,Retail
S07,REWE,Food Retail
S08,Red Bull,Beverages
S09,Matthäi,Construction
S10,JobRad,Mobility
S11,Kömmerling,Building Materials
S12,BarmeniaGothaer,Insurance
S13,WWK,Insurance
S14,congstar,Telecommunications
S15,SAP,Software
S16,Volkswagen,Automotive
S17,Raisin,Banking & Finance
S18,MHP,Consulting
S19,Polestar,Automotive
S20,Allianz,Insurance
S21,hep solar,Energy
S22,Deutsche Vermögensberatung,Banking & Finance
S23,Helm,Chemicals & Pharma
S24,Sonepar,Wholesale
S25,DEVK,Insurance
S26,Kraken,Energy
S27,Ammerländer,Food & Dairy
S28,Lexware,Software
S29,iDM Wärmepumpen,Energy
S30,Niedax,Industrial
S31,Siegmund,Industrial
S32,Astra,Beverages
S33,ProMinent,Industrial
S34,Mobileye,Automotive
S35,Kermi,Building Materials
S36,Voith,Industrial
S37,Puma,Sportswear
S38,Adidas,Sportswear
S39,Nike,Sportswear
S40,Hummel,Sportswear
S41,Jako,Sportswear
S42,Mizuno,Sportswear
S43,Joma,Sportswear
S44,New Balance,Sportswear
