club_id,club_name,city,stadium,capacity
BVB,Borussia Dortmund,Dortmund,Signal Iduna Park,81365
FCB,FC Bayern München,München,Allianz Arena,75000
VFB,VfB Stuttgart,Stuttgart,MHPArena,60058
SGE,Eintracht Frankfurt,Frankfurt,Deutsche Bank Park,59500
HSV,Hamburger SV,Hamburg,Volksparkstadion,57000
BMG,Borussia Mönchengladbach,Mönchengladbach,Borussia-Park,54042
KOE,1. FC Köln,Köln,RheinEnergieStadion,50000
RBL,RB Leipzig,Leipzig,Red Bull Arena,47800
SVW,Werder Bremen,Bremen,Weserstadion,42100
SCF,SC Freiburg,Freiburg,Europa-Park Stadion,34700
M05,1. FSV Mainz 05,Mainz,MEWA Arena,33305
B04,Bayer 04 Leverkusen,Leverkusen,BayArena,30210
FCA,FC Augsburg,Augsburg,WWK Arena,30660
STP,FC St. Pauli,Hamburg,Millerntor-Stadion,29546
TSG,TSG 1899 Hoffenheim,Sinsheim,PreZero Arena,30150
WOB,VfL Wolfsburg,Wolfsburg,Volkswagen Arena,28917
FCU,1. FC Union Berlin,Berlin,Stadion An der Alten Försterei,22012
FCH,1. FC Heidenheim,Heidenheim,Voith-Arena,15000
