club_id,season,sponsor_id,sponsorship_type
BVB,2025/26,S01,shirt
BVB,2025/26,S19,sleeve
BVB,2025/26,S37,kit
FCB,2025/26,S02,shirt
FCB,2025/26,S20,sleeve
FCB,2025/26,S38,kit
VFB,2025/26,S03,shirt
VFB,2025/26,S21,sleeve
VFB,2025/26,S41,kit
SGE,2025/26,S04,shirt
SGE,2025/26,S22,sleeve
SGE,2025/26,S38,kit
HSV,2025/26,S05,shirt
HSV,2025/26,S23,sleeve
HSV,2025/26,S38,kit
BMG,2025/26,S06,shirt
BMG,2025/26,S24,sleeve
BMG,2025/26,S37,kit
KOE,2025/26,S07,shirt
KOE,2025/26,S25,sleeve
KOE,2025/26,S40,kit
RBL,2025/26,S08,shirt
RBL,2025/26,S26,sleeve
RBL,2025/26,S37,kit
SVW,2025/26,S09,shirt
SVW,2025/26,S27,sleeve
SVW,2025/26,S40,kit
SCF,2025/26,S10,shirt
SCF,2025/26,S28,sleeve
SCF,2025/26,S39,kit
M05,2025/26,S11,shirt
M05,2025/26,S29,sleeve
M05,2025/26,S41,kit
B04,2025/26,S12,shirt
B04,2025/26,S30,sleeve
B04,2025/26,S44,kit
FCA,2025/26,S13,shirt
FCA,2025/26,S31,sleeve
FCA,2025/26,S42,kit
STP,2025/26,S14,shirt
STP,2025/26,S32,sleeve
STP,2025/26,S37,kit
TSG,2025/26,S15,shirt
TSG,2025/26,S33,sleeve
TSG,2025/26,S43,kit
WOB,2025/26,S16,shirt
WOB,2025/26,S34,sleeve
WOB,2025/26,S39,kit
FCU,2025/26,S17,shirt
FCU,2025/26,S35,sleeve
FCU,2025/26,S38,kit
FCH,2025/26,S18,shirt
FCH,2025/26,S36,sleeve
FCH,2025/26,S37,kit
