club_id,season,avg_attendance,points,europe,relegated
BVB,2025/26,81285,73,CL,0
FCB,2025/26,75000,89,CL,0
VFB,2025/26,59441,62,CL,0
SGE,2025/26,59065,44,none,0
HSV,2025/26,56947,38,none,0
BMG,2025/26,51097,38,none,0
KOE,2025/26,49918,32,none,0
RBL,2025/26,44164,65,CL,0
SVW,2025/26,41282,32,none,0
SCF,2025/26,34118,47,ECL,0
M05,2025/26,31656,40,none,0
B04,2025/26,30017,59,EL,0
FCA,2025/26,29787,43,none,0
STP,2025/26,29484,26,none,1
TSG,2025/26,26679,61,EL,0
WOB,2025/26,25129,29,none,1
FCU,2025/26,21996,39,none,0
FCH,2025/26,14824,26,none,1
