club_id,season,month,pageviews
BVB,2025/26,2025-08,30328
BVB,2025/26,2025-09,24892
BVB,2025/26,2025-10,33347
BVB,2025/26,2025-11,30471
BVB,2025/26,2025-12,29849
BVB,2025/26,2026-01,23121
BVB,2025/26,2026-02,24072
BVB,2025/26,2026-03,28369
BVB,2025/26,2026-04,24798
BVB,2025/26,2026-05,30584
FCB,2025/26,2025-08,59950
FCB,2025/26,2025-09,45646
FCB,2025/26,2025-10,52908
FCB,2025/26,2025-11,52234
FCB,2025/26,2025-12,39903
FCB,2025/26,2026-01,44947
FCB,2025/26,2026-02,37667
FCB,2025/26,2026-03,45901
FCB,2025/26,2026-04,95659
FCB,2025/26,2026-05,90883
VFB,2025/26,2025-08,24639
VFB,2025/26,2025-09,18119
VFB,2025/26,2025-10,19475
VFB,2025/26,2025-11,22668
VFB,2025/26,2025-12,16030
VFB,2025/26,2026-01,18511
VFB,2025/26,2026-02,16854
VFB,2025/26,2026-03,17690
VFB,2025/26,2026-04,24555
VFB,2025/26,2026-05,31556
SGE,2025/26,2025-08,25477
SGE,2025/26,2025-09,24994
SGE,2025/26,2025-10,22497
SGE,2025/26,2025-11,17341
SGE,2025/26,2025-12,17079
SGE,2025/26,2026-01,27122
SGE,2025/26,2026-02,17559
SGE,2025/26,2026-03,15316
SGE,2025/26,2026-04,16857
SGE,2025/26,2026-05,29982
HSV,2025/26,2025-08,32785
HSV,2025/26,2025-09,21153
HSV,2025/26,2025-10,17304
HSV,2025/26,2025-11,15257
HSV,2025/26,2025-12,16470
HSV,2025/26,2026-01,16615
HSV,2025/26,2026-02,18338
HSV,2025/26,2026-03,15541
HSV,2025/26,2026-04,16299
HSV,2025/26,2026-05,22263
BMG,2025/26,2025-08,22347
BMG,2025/26,2025-09,21521
BMG,2025/26,2025-10,21684
BMG,2025/26,2025-11,17898
BMG,2025/26,2025-12,13331
BMG,2025/26,2026-01,12275
BMG,2025/26,2026-02,11910
BMG,2025/26,2026-03,14929
BMG,2025/26,2026-04,13672
BMG,2025/26,2026-05,19006
KOE,2025/26,2025-08,22666
KOE,2025/26,2025-09,20761
KOE,2025/26,2025-10,21218
KOE,2025/26,2025-11,16392
KOE,2025/26,2025-12,12876
KOE,2025/26,2026-01,15319
KOE,2025/26,2026-02,13062
KOE,2025/26,2026-03,17402
KOE,2025/26,2026-04,14871
KOE,2025/26,2026-05,19197
RBL,2025/26,2025-08,23620
RBL,2025/26,2025-09,13999
RBL,2025/26,2025-10,16191
RBL,2025/26,2025-11,18344
RBL,2025/26,2025-12,16067
RBL,2025/26,2026-01,14563
RBL,2025/26,2026-02,17420
RBL,2025/26,2026-03,13204
RBL,2025/26,2026-04,15751
RBL,2025/26,2026-05,21346
SVW,2025/26,2025-08,23113
SVW,2025/26,2025-09,16284
SVW,2025/26,2025-10,16127
SVW,2025/26,2025-11,14525
SVW,2025/26,2025-12,11803
SVW,2025/26,2026-01,14436
SVW,2025/26,2026-02,21568
SVW,2025/26,2026-03,13905
SVW,2025/26,2026-04,16007
SVW,2025/26,2026-05,18480
SCF,2025/26,2025-08,9750
SCF,2025/26,2025-09,10076
SCF,2025/26,2025-10,9351
SCF,2025/26,2025-11,8659
SCF,2025/26,2025-12,8093
SCF,2025/26,2026-01,7592
SCF,2025/26,2026-02,8284
SCF,2025/26,2026-03,9349
SCF,2025/26,2026-04,23372
SCF,2025/26,2026-05,47873
M05,2025/26,2025-08,9493
M05,2025/26,2025-09,7644
M05,2025/26,2025-10,7350
M05,2025/26,2025-11,6815
M05,2025/26,2025-12,12180
M05,2025/26,2026-01,7032
M05,2025/26,2026-02,7028
M05,2025/26,2026-03,7132
M05,2025/26,2026-04,9292
M05,2025/26,2026-05,8745
B04,2025/26,2025-08,16331
B04,2025/26,2025-09,19481
B04,2025/26,2025-10,13921
B04,2025/26,2025-11,13729
B04,2025/26,2025-12,11966
B04,2025/26,2026-01,12903
B04,2025/26,2026-02,12360
B04,2025/26,2026-03,13312
B04,2025/26,2026-04,17933
B04,2025/26,2026-05,16164
FCA,2025/26,2025-08,12460
FCA,2025/26,2025-09,8106
FCA,2025/26,2025-10,8888
FCA,2025/26,2025-11,6950
FCA,2025/26,2025-12,9208
FCA,2025/26,2026-01,8453
FCA,2025/26,2026-02,6444
FCA,2025/26,2026-03,6027
FCA,2025/26,2026-04,8493
FCA,2025/26,2026-05,11172
STP,2025/26,2025-08,22391
STP,2025/26,2025-09,13395
STP,2025/26,2025-10,10553
STP,2025/26,2025-11,10601
STP,2025/26,2025-12,8803
STP,2025/26,2026-01,11209
STP,2025/26,2026-02,11240
STP,2025/26,2026-03,8930
STP,2025/26,2026-04,10599
STP,2025/26,2026-05,24075
TSG,2025/26,2025-08,13535
TSG,2025/26,2025-09,11369
TSG,2025/26,2025-10,14530
TSG,2025/26,2025-11,13570
TSG,2025/26,2025-12,10523
TSG,2025/26,2026-01,15077
TSG,2025/26,2026-02,16314
TSG,2025/26,2026-03,11146
TSG,2025/26,2026-04,12166
TSG,2025/26,2026-05,20556
WOB,2025/26,2025-08,8776
WOB,2025/26,2025-09,10197
WOB,2025/26,2025-10,8983
WOB,2025/26,2025-11,10668
WOB,2025/26,2025-12,6991
WOB,2025/26,2026-01,9686
WOB,2025/26,2026-02,8893
WOB,2025/26,2026-03,24050
WOB,2025/26,2026-04,16165
WOB,2025/26,2026-05,99829
FCU,2025/26,2025-08,13925
FCU,2025/26,2025-09,11604
FCU,2025/26,2025-10,12888
FCU,2025/26,2025-11,12515
FCU,2025/26,2025-12,24451
FCU,2025/26,2026-01,16956
FCU,2025/26,2026-02,10606
FCU,2025/26,2026-03,8851
FCU,2025/26,2026-04,25706
FCU,2025/26,2026-05,18825
FCH,2025/26,2025-08,11212
FCH,2025/26,2025-09,8343
FCH,2025/26,2025-10,6597
FCH,2025/26,2025-11,10023
FCH,2025/26,2025-12,7111
FCH,2025/26,2026-01,6449
FCH,2025/26,2026-02,8749
FCH,2025/26,2026-03,8691
FCH,2025/26,2026-04,10849
FCH,2025/26,2026-05,23260
